{"max": [0.0, 0.0, 0.35929], "centroid": [-0.04552421923999974, -1.855720949034484, 0.2182747032800002], "id": "4ad7d03773d3767c2bc52a80abcabb17", "numVertices": 1450, "min": [-0.0886129, -2.32658, 0.0]}
