{"max": [1.76107, 1.41031, 10.2154], "centroid": [0.7918218044762241, 0.5277179100930709, 5.5945488689245195], "id": "b4d258dc5a12f9f7ade7f700b19bcf4a", "numVertices": 7736, "min": [-0.128324, 0.0, 1.37829]}
