{"max": [5.1816, 178.378, 339.936], "centroid": [-13.71427255810249, 105.4980169470543, 235.00965087095858], "id": "49429e1d1e90c1ca202be79d8b285c1e", "numVertices": 8726, "min": [-36.9824, 5.78748, 29.075]}
