{"max": [0.0, 0.9144, 0.0], "centroid": [-0.4047311218691589, 0.6626609588785038, -0.6643999065420598], "id": "73425393306ec8cf46d396f47f99de3b", "numVertices": 535, "min": [-0.67056, 0.0, -0.70485]}
