{"max": [0.001, 1.01, 0.466], "centroid": [-0.4532870130023526, 0.422313087745343, 0.17044087696959495], "id": "f2a535d237557ec26795ef8bd10c984d", "numVertices": 18189, "min": [-0.903, 0.0, -0.465]}
