{"max": [-0.0178598, 0.128182, 1.00076e-05], "centroid": [-0.04713419595687333, 0.09474345552560615, -0.0020479498026954005], "id": "b69603be92146a161ad8041551e9d3c2", "numVertices": 1113, "min": [-0.0748598, 0.0165819, -0.00701001]}
