{"max": [0.834641, 10.0281, 5.93634], "centroid": [-0.8814539396942729, 6.095938711873793, -13.101455522998066], "id": "5de0665cd8e490f47de08b76f60612dd", "numVertices": 5070, "min": [-1.57392, -1.98458, -30.9923]}
