{"max": [-3.58878, -6.41831, -9.26513], "centroid": [-3.6830760278745642, -6.611201567944236, -9.400515958188167], "id": "a448fb21ce07c5332cba66dc6aeabcd4", "numVertices": 287, "min": [-3.77737, -6.6675, -9.52548]}
