{"max": [6.04561, 10.4556, 0.0], "centroid": [5.024535641562077, 7.176562517433717, -0.12381747210599602], "id": "8c9cf16672bdc795f94083089dddc4d3", "numVertices": 1434, "min": [3.0294, 1.80245, -0.29845]}
