{"max": [0.2667, 16.3576, 0.0], "centroid": [-6.826462696085406, 9.422114163701053, -4.777416224733092], "id": "2d8bb293b226dcb678c34bb504731cb9", "numVertices": 562, "min": [-13.5445, 6.26745, -9.2837]}
