{"max": [-0.0328178, 0.593452, 0.0468819], "centroid": [-0.11788643824735602, 0.46884100214476215, -0.05208331784231841], "id": "a263bb1f29feb8354dc11e421397c795", "numVertices": 27798, "min": [-0.239513, 0.0, -0.159813]}
