{"max": [0.449235, 0.880039, 0.577506], "centroid": [0.3098959638794639, 0.21721392659561, 0.3812564282578364], "id": "e4c8385cdd91eec0be8b4a628af8a88c", "numVertices": 5011, "min": [0.169835, -0.00120594, 0.199234]}
