{"max": [0.547791, 3.59995, 2.11978], "centroid": [-1.5647921294186062, 1.9018581472868188, -0.01533306129263569], "id": "6e983d20e0bf80296829cd4082fbdbdf", "numVertices": 516, "min": [-3.69177, 0.528271, -2.11978]}
