{"max": [0.158482, 0.102778, 0.025831], "centroid": [0.08972796270377725, 0.057075907638171025, -0.05690571059399601], "id": "6ca77b19e3f52c5031c1d3ccd72d7161", "numVertices": 2515, "min": [0.018207, -0.002409, -0.098842]}
