{"max": [0.54002, 0.282959, 0.841636], "centroid": [0.32621139442231056, 0.09115695179282812, 0.6827844741035864], "id": "d3606fa80e46f834562d7644f5df59b3", "numVertices": 251, "min": [0.112593, 0.0113651, 0.414102]}
