{"max": [-0.453966, 2.39236, -2.08195], "centroid": [-2.531447342105263, 1.182588052631579, -4.263676315789473], "id": "da706fc7141b22ece029fab54b6cfbd", "numVertices": 38, "min": [-5.80702, 0.0, -4.52035]}
