{"max": [-0.0992576, 7.93222, 0.735008], "centroid": [-3.837624560441152, 4.726824902901012, -1.705861625625741], "id": "6033c5fa61cb7b79b50d0c6a0c254040", "numVertices": 4171, "min": [-7.09331, 0.0, -5.83488]}
