{"max": [0.0716684, 0.29746, 0.0868987], "centroid": [0.0013200252515723164, 0.24444902201257954, 0.009495230137421385], "id": "8e624ace735e6baf96c3bfb1b184602c", "numVertices": 636, "min": [-0.0716684, 0.152339, -0.0764279]}
