{"max": [-0.0362919, 0.167496, 0.004], "centroid": [-0.06377638085842172, 0.06701829670463745, -0.00791917443212372], "id": "5c141e299b50f1139f24fa4acce33c04", "numVertices": 4916, "min": [-0.0920019, 0.0140578, -0.073173]}
