{"max": [0.249004, 4.59886, 0.215152], "centroid": [-5.153567253949851, -0.9195439174105424, -3.705088038712427], "id": "e1cb02a589e09aa193a67322c4cf7081", "numVertices": 12877, "min": [-10.5904, -6.22036, -10.6381]}
