{"max": [0.0778406, 0.0778406, 7.45058e-09], "centroid": [-1.4107702999319722e-09, -0.01443680532438463, -0.1436069644117708], "id": "4de2413a28db0137100e9bd5c4b0af54", "numVertices": 1800, "min": [-0.0778406, -0.3634, -0.205715]}
