{"max": [4.96707, 13.0556, -1.14673], "centroid": [3.0010531977565438, 4.518958881960944, -1.4339467594516047], "id": "78855e0d8d27f00b42e82e1724e35ca", "numVertices": 2407, "min": [0.87132, 0.0, -3.30573]}
