{"max": [0.043046, 0.05715, 0.0437359], "centroid": [-0.0005119970833333333, 0.03968750000000005, -0.00016705166666666662], "id": "d5978095ef90e63375dc74e2f2f50364", "numVertices": 96, "min": [-0.045094, 0.0, -0.0444042]}
