{"max": [0.638895, 1.14259, 0.667448], "centroid": [0.31207648394587834, 0.29052876596177807, 0.353715763462099], "id": "791c14d53bd565f56ba14bfd91a75020", "numVertices": 6886, "min": [-0.0170055, 0.0, 0.0]}
