{"max": [0.0, 1.3335, 0.7239], "centroid": [-0.37401293142857145, 0.8679284571428582, 0.4651097931428572], "id": "2d856dae6ae9373add5cf959690bb73f", "numVertices": 175, "min": [-0.962796, 0.0, 0.0]}
