{"max": [0.0, 0.267972, 0.0], "centroid": [-0.10000009649073428, 0.0911821225830199, -0.2898004491930029], "id": "a2d329795c7e4c52b362845c6edb57fc", "numVertices": 7715, "min": [-0.2, 0.0, -0.440136]}
