{"max": [0.0546764, 1.01933, 0.0894301], "centroid": [-0.08541343580152916, 0.17661058532911159, -0.05073005034356612], "id": "8425fcfab0cd9e601f0d826a92e0299f", "numVertices": 15317, "min": [-0.225629, -0.0205142, -0.190894]}
