{"max": [0.0, 0.68905, 0.0], "centroid": [-0.18660535294117647, 0.44526092156862757, -0.5172064313725486], "id": "dbfffa51bd4f094353227dcd0d547ba6", "numVertices": 51, "min": [-0.383995, 0.0, -0.561224]}
