{"max": [0.452221, 0.187901, 0.00277246], "centroid": [0.09658626610049552, 0.16476415718329607, -0.07229580062278843], "id": "dc5354098d9fa08d49843c4f9ce432be", "numVertices": 1413, "min": [-0.018301, 0.0, -0.255611]}
