{"max": [0.125914, 0.515539, 0.0794283], "centroid": [0.002252828476052235, 0.3112625616835998, -0.19507159432510923], "id": "e0b4672fbbae71a49617e37e5a669a71", "numVertices": 689, "min": [-0.125914, 0.135593, -0.315189]}
