{"max": [0.0, 0.516197, 0.0], "centroid": [-0.6761621066666657, 0.24792054619047635, -0.40308515095238134], "id": "b00c5ddc2efe42eea64e5c46abb30c70", "numVertices": 420, "min": [-1.35414, 0.0, -0.649288]}
