{"max": [-1.07958, 1.65819, 0.987175], "centroid": [-1.1349848299319734, 1.5282509523809487, 0.9337137244897956], "id": "514024b4a66a57d592ecd319dfd8c5d", "numVertices": 294, "min": [-1.18848, 1.25358, 0.879225]}
