{"max": [-2.46358, 2.37874, 0.00289245], "centroid": [-2.88405854104353, 1.1449911759720883, -0.1870060109853754], "id": "aebe041eaae1962921d62dae9ac1d30f", "numVertices": 6018, "min": [-3.29356, 0.213755, -0.294406]}
