{"max": [0.0199993, 0.139661, 0.0246113], "centroid": [-0.004680167953499227, 0.08005025741835163, -0.029309439776572303], "id": "f8ff61c5374aef8672101dcac4ed75d3", "numVertices": 643, "min": [-0.024026, 0.0, -0.102917]}
