{"max": [-2.73572, -0.682651, -6.34156], "centroid": [-2.985102789617488, -0.7919919893442626, -6.572746076502727], "id": "71dd20123ef5505d5931970d29212910", "numVertices": 3660, "min": [-3.23385, -0.899782, -6.80263]}
