{"max": [1.80057, 0.807351, 0.339098], "centroid": [1.2631696165413517, 0.39937608687102455, -0.12598580123366043], "id": "893e3f15f023e9abdba08b82bf5c2f3", "numVertices": 1729, "min": [0.72994, -0.00517015, -0.45247]}
