{"max": [-0.649927, 0.585984, 1.00807], "centroid": [-0.7727739261036468, 0.5273238406909789, 0.9480260009596914], "id": "6d12c792767c7d46bf3c901830f323db", "numVertices": 1042, "min": [-0.892295, 0.5, 0.868987]}
