{"max": [0.01905, 0.6096, 0.4826], "centroid": [-0.3388595257894737, 0.2920582236842105, 0.07651149763157898], "id": "15e651b8b7a0c880ac13edc49a7166b9", "numVertices": 152, "min": [-0.69215, 0.0, -0.03175]}
