{"max": [0.0407364, 0.072631, 0.000507721], "centroid": [0.00806416291772642, 0.01826030977778741, -0.049655533439947115], "id": "3a5351666689a7b2b788559e93c74a0f", "numVertices": 29508, "min": [-0.0255913, -0.0369042, -0.0760253]}
