{"max": [1.78221, 2.39676, 0.171851], "centroid": [0.30097524362050115, 1.331256286804797, -0.5532339420937824], "id": "b4c223db8b1a30016cf94eaa382e4d1", "numVertices": 917, "min": [-1.30619, 0.0, -1.35783]}
