{"max": [-2.65447, 0.876247, 2.81535], "centroid": [-2.8878438419563426, 0.35981137357202914, 2.50132387429263], "id": "27f4207dce674969c3bd24f986301745", "numVertices": 4948, "min": [-3.12437, -5.47624e-05, 2.10111]}
