{"max": [0.673795, -3.29872, 0.0], "centroid": [-0.31791306050642754, -4.290429177377891, -1.237218952185089], "id": "95fd683ddc8298d0b5a019b4fce31328", "numVertices": 1945, "min": [-1.30962, -5.28214, -7.21819]}
