{"max": [1.0153, 2.39623, 0.00245334], "centroid": [0.6634271055646487, 1.3804300761047552, -0.1421905614975459], "id": "1941c37c6db30e481ef53acb6e05e27a", "numVertices": 2444, "min": [0.311025, 0.421534, -0.1866]}
