{"max": [-2.51102, 4.47183, 0.01825], "centroid": [-2.9447710434219005, 2.136737971937782, -0.05401455477965013], "id": "a9e4fa90c4e6349ae71cd3b669370f85", "numVertices": 6172, "min": [-3.40764, -0.578211, -0.108]}
