{"max": [0.626135, 1.28078, 0.802677], "centroid": [0.008526258467255896, 0.49073713588348894, -0.07468832722330221], "id": "1dc0db78671ac363f99976ddcaae4d11", "numVertices": 4978, "min": [-0.594545, 0.0, -0.661305]}
