{"max": [0.224026, 0.266462, 0.00657228], "centroid": [0.13400884478199696, 0.132982938677918, -0.027411228771870605], "id": "b207b3f3617db6cb85089a13cc567dbd", "numVertices": 3555, "min": [0.0652763, 0.055345, -0.0727062]}
