{"max": [0.0718049, 0.0919843, 0.00886889], "centroid": [-0.002592896221039109, 0.055071803931671624, -0.03628405212701845], "id": "db663e3f7ee9869f5c351e299b24e355", "numVertices": 15571, "min": [-0.0701951, -0.000190751, -0.189485]}
