{"max": [7.36929, 4.78155, 8.91971], "centroid": [1.7732880273178102, -0.00011416639034113724, 8.658615457400746], "id": "f6ed076d16960558e6748b6322a06ee3", "numVertices": 12296, "min": [-0.0498883, -0.0717916, -0.04988]}
