{"max": [0.0254, 1.98892, 0.0254], "centroid": [-0.32064893305084713, 0.6991504915254236, -0.38200242457627104], "id": "563f955f46e4368d8ae69567bc5a3efb", "numVertices": 236, "min": [-0.66675, 0.0, -0.685283]}
