{"max": [0.105345, 5.6841, 16.4936], "centroid": [-2.606284949113341, 2.1346578212485485, 4.149112582808973], "id": "38aa6c6632f64ad5fdedf0d8aa5213c", "numVertices": 1297, "min": [-5.22155, 1.51992e-06, -0.00151479]}
