{"max": [-1.27374, 1.91321, 8.8863], "centroid": [-2.489936032260602, 0.5973517837039242, 6.520741977839692], "id": "8f87755f22470873e6725f2a23469bfc", "numVertices": 13267, "min": [-15.6087, 5.876e-05, -0.343801]}
