{"max": [0.126521, 0.4572, 0.126521], "centroid": [0.0016729910921973394, 0.2046335325962205, 0.0007173268805808212], "id": "49943fa341bd0fc86bc258c0f0234be0", "numVertices": 2858, "min": [-0.126521, 0.0, -0.126521]}
