{"max": [1.67212, 1.9939, 1.95759], "centroid": [1.3581559197124022, 0.42816468388256484, 1.9240932144997995], "id": "678ed514423f067fba55419d0f0e294", "numVertices": 3338, "min": [1.04982, 0.0, 1.64009]}
