{"max": [10.4717, 3.72745, 10.4717], "centroid": [-2.5109896830776937e-16, -0.011727972270367053, 1.1506297551574412e-16], "id": "fce7f95d023ac364402d272d6d981f21", "numVertices": 577, "min": [-10.4717, -3.76555, -10.4717]}
