{"max": [-2.265, 0.13, 2.09413], "centroid": [-2.3692603645833303, 0.017286066742424284, 2.072934393939405], "id": "247ca61022a4f47e8a94168388287ad5", "numVertices": 2112, "min": [-2.485, -0.09, 2.05413]}
