{"max": [0.167274, 0.0, 0.167274], "centroid": [-4.126984131351497e-10, -0.5596063492063492, -6.031746051563157e-10], "id": "e98c05f4cc8c7afcf648915c85184f8c", "numVertices": 63, "min": [-0.167274, -0.7366, -0.167274]}
