{"max": [0.0, 0.326066, 0.0322375], "centroid": [-0.012676978851963705, 0.14823048743202435, -0.07922264743202409], "id": "a996f7e1614e0c8e6c51785addc24406", "numVertices": 331, "min": [-0.0254, -0.0950262, -0.125243]}
