{"max": [10.7636, 3.88898, 49.6208], "centroid": [9.291734107226233, 0.8682421181680218, 36.71782065268041], "id": "5df84478c357fc7c5b056960183c4aff", "numVertices": 15015, "min": [7.81989, -1.19209e-07, 24.4763]}
