{"max": [0.777011, 3.54181, 12.1027], "centroid": [-5.196082387349399, 1.0355771686746984, 5.157948945783132], "id": "6c607b6b3d6fc1cdf0d11ae402ef940e", "numVertices": 166, "min": [-11.2517, 0.0, 0.555508]}
