{"max": [-0.214531, 0.383061, -0.628909], "centroid": [-0.4140970304498273, 0.22273370093564057, -0.8872018837370238], "id": "737e1c921100f038e263fa6049be3541", "numVertices": 1445, "min": [-0.615886, -0.0121461, -1.158]}
