{"max": [0.642578, 4.33001, 0.464259], "centroid": [0.0026019546105919304, 3.4165828348909573, -0.1674793909034267], "id": "e074316e42dcf9e15c8e7963449f8577", "numVertices": 321, "min": [-0.625299, 0.0, -0.806601]}
