{"max": [0.0, 0.944227, 0.0], "centroid": [-0.35408975169902857, 0.8435740266990303, -0.15302037815534067], "id": "58bc4edaefdf3b0e1db42cf774e49bf", "numVertices": 412, "min": [-0.6858, 0.0, -0.68765]}
