{"max": [0.03175, 0.109061, 0.03175], "centroid": [0.000632509640058057, 0.06896116131494895, -0.0006325096400580533], "id": "b45716cd72f1e9172fbee880b9f634b4", "numVertices": 689, "min": [-0.03175, -0.0015875, -0.03175]}
