{"max": [0.445971, 0.1524, -0.0698317], "centroid": [0.2422714497549022, 0.07619999355555573, -0.15026193799019602], "id": "59657437cc799e51616f4ad120b6332a", "numVertices": 1224, "min": [0.0385723, 0.0, -0.230692]}
