{"max": [0.31115, 1.23122, 0.185993], "centroid": [0.0659507835365856, 1.0200403597560994, 0.06179353471036594], "id": "e79cc4e58f69eadc5bee258e658f9767", "numVertices": 656, "min": [-0.20955, 0.0, -0.0866283]}
