{"max": [0.174545, 0.553433, 0.134261], "centroid": [0.015952733995465884, 0.19198753667680385, -0.01969599675717443], "id": "41391118c374e765ff3ef8f363b2cc43", "numVertices": 3617, "min": [-0.138517, 0.0, -0.178802]}
