{"max": [-3.42858, 2.7178, 6.65274], "centroid": [-4.409913042828691, 0.9765021012450247, 3.7844490707171703], "id": "887636e0984bcc7984ff53e2628fd6d0", "numVertices": 2008, "min": [-5.40978, -0.096117, 0.702787]}
