{"max": [1.07003, 2.00993, 1.176], "centroid": [0.5414103675095265, 0.6581377810876395, 0.716841451333564], "id": "3139001aa8148559bc3e724ff85e2d1b", "numVertices": 2887, "min": [0.460033, 0.0, 0.223086]}
