{"max": [3.48845, 1.42558, 1.73894], "centroid": [3.153710000000001, 0.9702732515337418, 1.6131793251533786], "id": "8d14cc01f39f2679a857215a199c2ecb", "numVertices": 163, "min": [2.79471, 0.0, 1.04521]}
