{"max": [0.00203466, 0.0126254, 0.0033397], "centroid": [-0.005426687234971424, 0.002420277675199994, -0.0061724854514285535], "id": "947cf0b19783a119154dddaf2978e13f", "numVertices": 4375, "min": [-0.0128072, -0.00993766, -0.0172388]}
