{"max": [40.76, 51.961, 37.3306], "centroid": [0.4181978170841596, 1.0923045082378675, -23.99940485085599], "id": "ddc07c47962fe10f61f42fcc6613af2d", "numVertices": 5549, "min": [-39.8881, -50.7688, -70.2412]}
