{"max": [0.595771, 0.21094, 0.515126], "centroid": [0.3110114854368931, 0.07783305241371347, 0.23913159318203892], "id": "a0903daa3dfa996837b2bb75885cfc44", "numVertices": 824, "min": [0.0231942, -0.0535069, -0.0367804]}
