{"max": [31.587, 89.808, 65.2303], "centroid": [3.0173596629213444, 74.2426786516854, 58.18192584269657], "id": "abc7c3f050deef2b4146a0f3be16b19d", "numVertices": 89, "min": [-7.61277, 0.0, 49.4569]}
