{"max": [0.0889, 0.322636, 0.0889], "centroid": [-0.0003317097651035002, 0.17261213182931995, -0.04938066911702571], "id": "d378c508566d68cb48d2aef7552b65e3", "numVertices": 2367, "min": [-0.0889, 0.0, -0.19232]}
